<?xml version="1.0"?>

<beans
	xsi:schemaLocation="http://www.springframework.org/schema/beans http://www.springframework.org/schema/beans/spring-beans.xsd http://www.springframework.org/schema/tx http://www.springframework.org/schema/tx/spring-tx.xsd http://www.springframework.org/schema/mvc http://www.springframework.org/schema/mvc/spring-mvc.xsd http://www.springframework.org/schema/context http://www.springframework.org/schema/context/spring-context.xsd"
	xmlns:context="http://www.springframework.org/schema/context"
	xmlns:mvc="http://www.springframework.org/schema/mvc"
	xmlns:tx="http://www.springframework.org/schema/tx"
	xmlns:xsi="http://www.w3.org/2001/XMLSchema-instance"
	xmlns="http://www.springframework.org/schema/beans">
	<!-- Specifying base package of the Components like Controller, Service, 
		DAO -->
	<context:component-scan base-package="com.hcl" />
	<!-- Getting Database properties -->
	<context:property-placeholder
		location="classpath:application.properties" />
	<mvc:annotation-driven />
	<!-- Specifying the Resource location to load JS, CSS, Images etc -->
	<mvc:resources location="/resources/"
		mapping="/resources/**" />
	<!-- View Resolver -->
	
	<bean
		class="org.springframework.web.servlet.view.InternalResourceViewResolver">
		<property value="/WEB-INF/pages/" name="prefix" />
		<property value=".jsp" name="suffix" />
	</bean>
	<!-- DataSource -->
	
	<bean
		class="org.springframework.jdbc.datasource.DriverManagerDataSource"
		id="dataSource">
		<property value="${database.driver}" name="driverClassName" />
		<property value="${database.url}" name="url" />
		<property value="${database.user}" name="username" />
		<property value="${database.password}" name="password" />
	</bean>
	<!-- Hibernate SessionFactory -->
	
	<bean
		class="org.springframework.orm.hibernate4.LocalSessionFactoryBean"
		id="sessionFactory">
		<property name="dataSource" ref="dataSource" />
		
		<property name="hibernateProperties">
			
			<props>
				<prop key="hibernate.dialect">${hibernate.dialect}</prop>
				<prop key="hibernate.hbm2ddl.auto">${hibernate.hbm2ddl.auto}</prop>
				<prop key="hibernate.format_sql">${hibernate.format_sql}</prop>
				<prop key="hibernate.show_sql">${hibernate.show_sql}</prop>
			</props>
		</property>
		<property value="com.hcl.model" name="packagesToScan" />
	</bean>
	<!-- Transaction -->
	
	<bean
		class="org.springframework.orm.hibernate4.HibernateTransactionManager"
		id="transactionManager">
		<property name="sessionFactory" ref="sessionFactory" />
	</bean>
	<tx:annotation-driven
		transaction-manager="transactionManager" />
</beans>